{"cameraMode":{"drawMode":0,"name":"Shaded","section":"Shading Mode"},"sceneLighting":true,"audioPlay":false,"sceneViewState":{"m_AlwaysRefresh":false,"showFog":true,"showSkybox":true,"showFlares":true,"showImageEffects":true,"showParticleSystems":true,"showVisualEffectGraphs":true,"m_FxEnabled":true},"in2DMode":false,"pivot":{"x":6.998989582061768,"y":-17.778636932373048,"z":-30.901004791259767},"rotation":{"x":-0.00522180600091815,"y":-0.7823805809020996,"z":0.6227909922599793,"w":-0.006573282182216644},"size":19.88746452331543,"orthographic":false}